{
	"version": 1,
	"changelists": [
		{
			"guid": "00000000000000000000000000000000",
			"description": "Default Uncontrolled Changelist",
			"files": [
				"C:/Users/Camer/OneDrive/Documents/Unreal Projects/week3/Content/Blueprint/CamPawn.uasset",
				"C:/Users/Camer/OneDrive/Documents/Unreal Projects/week3/Content/Maps/Camsmap.umap",
				"C:/Users/Camer/OneDrive/Documents/Unreal Projects/week3/Content/Core/CamGamemode.uasset",
				"C:/Users/Camer/OneDrive/Documents/Unreal Projects/week3/Content/Core/UpAndDown.uasset",
				"C:/Users/Camer/OneDrive/Documents/Unreal Projects/week3/Content/Core/LeftAndRight.uasset",
				"C:/Users/Camer/OneDrive/Documents/Unreal Projects/week3/Content/Core/Cam_IMC.uasset",
				"C:/Users/Camer/OneDrive/Documents/Unreal Projects/week3/Content/Materials/tilesetOpenGameBackground_Mat.uasset",
				"C:/Users/Camer/OneDrive/Documents/Unreal Projects/week3/Content/Blueprint/Bullet01.uasset",
				"C:/Users/Camer/OneDrive/Documents/Unreal Projects/week3/Content/Blueprint/Enemy.uasset",
				"C:/Users/Camer/OneDrive/Documents/Unreal Projects/week3/Content/Core/Shooting.uasset",
				"C:/Users/Camer/OneDrive/Documents/Unreal Projects/week3/Content/Materials/Background.uasset",
				"C:/Users/Camer/OneDrive/Documents/Unreal Projects/week3/Content/Materials/Background_texture.uasset",
				"C:/Users/Camer/OneDrive/Documents/Unreal Projects/week3/Content/Blueprint/MamaEnemy.uasset",
				"C:/Users/Camer/OneDrive/Documents/Unreal Projects/week3/Content/Blueprint/CamHUD.uasset",
				"C:/Users/Camer/OneDrive/Documents/Unreal Projects/week3/Content/Materials/Ship.uasset",
				"C:/Users/Camer/OneDrive/Documents/Unreal Projects/week3/Content/Materials/eye.uasset",
				"C:/Users/Camer/OneDrive/Documents/Unreal Projects/week3/Content/Blueprint/Enemy_Eye.uasset",
				"C:/Users/Camer/OneDrive/Documents/Unreal Projects/week3/Content/Materials/Bullet.uasset",
				"C:/Users/Camer/OneDrive/Documents/Unreal Projects/week3/Content/Materials/Heart.uasset",
				"C:/Users/Camer/OneDrive/Documents/Unreal Projects/week3/Content/Blueprint/Youlose.uasset",
				"C:/Users/Camer/OneDrive/Documents/Unreal Projects/week3/Content/Core/PlayerController.uasset",
				"C:/Users/Camer/OneDrive/Documents/Unreal Projects/week3/Content/Materials/Explosion.uasset",
				"C:/Users/Camer/OneDrive/Documents/Unreal Projects/week3/Content/Materials/NewNiagaraEmitter.uasset",
				"C:/Users/Camer/OneDrive/Documents/Unreal Projects/week3/Content/Blueprint/Explosioneffect.uasset",
				"C:/Users/Camer/OneDrive/Documents/Unreal Projects/week3/Content/Materials/Sprite-001011.uasset",
				"C:/Users/Camer/OneDrive/Documents/Unreal Projects/week3/Content/Materials/Sprite-001011_Sprite_0.uasset",
				"C:/Users/Camer/OneDrive/Documents/Unreal Projects/week3/Content/Materials/Sprite-001011_Sprite_1.uasset",
				"C:/Users/Camer/OneDrive/Documents/Unreal Projects/week3/Content/Materials/Sprite-001011_Sprite_2.uasset",
				"C:/Users/Camer/OneDrive/Documents/Unreal Projects/week3/Content/Materials/Sprite-001011_Sprite_3.uasset",
				"C:/Users/Camer/OneDrive/Documents/Unreal Projects/week3/Content/Sounds/BGM.uasset",
				"C:/Users/Camer/OneDrive/Documents/Unreal Projects/week3/Content/Sounds/Explosion.uasset",
				"C:/Users/Camer/OneDrive/Documents/Unreal Projects/week3/Content/Sounds/BGM_Cue.uasset",
				"C:/Users/Camer/OneDrive/Documents/Unreal Projects/week3/Content/Materials/eye_Mat.uasset",
				"C:/Users/Camer/OneDrive/Documents/Unreal Projects/week3/Content/Materials/Bullet_Mat.uasset",
				"C:/Users/Camer/OneDrive/Documents/Unreal Projects/week3/Content/Materials/Bullet_Sprite.uasset",
				"C:/Users/Camer/OneDrive/Documents/Unreal Projects/week3/Content/Materials/Ship_Sprite.uasset",
				"C:/Users/Camer/OneDrive/Documents/Unreal Projects/week3/Content/Materials/eye_Sprite.uasset",
				"C:/Users/Camer/OneDrive/Documents/Unreal Projects/week3/Content/Core/CamPlayerController.uasset",
				"C:/Users/Camer/OneDrive/Documents/Unreal Projects/week3/Content/Materials/C1.uasset",
				"C:/Users/Camer/OneDrive/Documents/Unreal Projects/week3/Content/Materials/C2.uasset",
				"C:/Users/Camer/OneDrive/Documents/Unreal Projects/week3/Content/Materials/Bullet_Color.uasset",
				"C:/Users/Camer/OneDrive/Documents/Unreal Projects/week3/Content/Materials/Bullet_Trial.uasset",
				"C:/Users/Camer/OneDrive/Documents/Unreal Projects/week3/Content/Blueprint/Enemy_Red.uasset",
				"C:/Users/Camer/OneDrive/Documents/Unreal Projects/week3/Content/Materials/Health_Icon.uasset",
				"C:/Users/Camer/OneDrive/Documents/Unreal Projects/week3/Content/Materials/Fire_Effect_and_Bullet_16x16_Sprite_96.uasset",
				"C:/Users/Camer/OneDrive/Documents/Unreal Projects/week3/Content/Blueprint/Hud.uasset",
				"C:/Users/Camer/OneDrive/Documents/Unreal Projects/week3/Content/Materials/Fire_Effect_and_Bullet_16x16.uasset",
				"C:/Users/Camer/OneDrive/Documents/Unreal Projects/week3/Content/Materials/Bullet_Mat.uasset",
				"C:/Users/Camer/OneDrive/Documents/Unreal Projects/week3/Content/Blueprint/PlayerController.uasset",
				"C:/Users/Camer/OneDrive/Documents/Unreal Projects/week3/Content/Blueprint/NewBlueprint1.uasset",
				"C:/Users/Camer/OneDrive/Documents/Unreal Projects/week3/Content/Materials/Explosioneffect.uasset",
				"C:/Users/Camer/OneDrive/Documents/Unreal Projects/week3/Content/Materials/tilesetOpenGameBackground.uasset",
				"C:/Users/Camer/OneDrive/Documents/Unreal Projects/week3/Content/Blueprint/Bullet.uasset",
				"C:/Users/Camer/OneDrive/Documents/Unreal Projects/week3/Content/Materials/NewMaterial.uasset",
				"C:/Users/Camer/OneDrive/Documents/Unreal Projects/week3/Content/Materials/NewNiagaraSystem.uasset",
				"C:/Users/Camer/OneDrive/Documents/Unreal Projects/week3/Content/Materials/Effect.uasset",
				"C:/Users/Camer/OneDrive/Documents/Unreal Projects/week3/Content/Maps/NewMap.umap",
				"C:/Users/Camer/OneDrive/Documents/Unreal Projects/week3/Content/Blueprint/CamGamemode.uasset",
				"C:/Users/Camer/OneDrive/Documents/Unreal Projects/week3/Content/Blueprint/CamPlayerController.uasset"
			]
		}
	]
}